chemsys,metal_1,metal_2,ligand,source,n_points,dip_method,dip_cell_length,E_min,E_expected,delta_E,left_x,right_x,baseline_slope,material_id,formula,crystal_system,space_group_symbol,space_group_number,energy_above_hull,formation_energy,predicted_stable,band_gap,is_metal,density,n_sites,cell_volume,volume_per_atom,sphere_volume_sum,packing_fraction,packing_percent,pair
Ag-Cr-S,Ag,Cr,S,Cr5AgS8_676751_POSCAR,35,local_max_drop,9.3766869,-0.21835633229079,-0.1581825539100779,-0.060173778380712,9.029402,17.01695,0.01856135,mp-676751,Cr5AgS8,Monoclinic,P2_1/m,11,0.011941100297624,-0.905970127976189,False,0.0,True,3.951055022973299,28,524.8160869839636,18.7434316779987,215.6198188590694,0.4108483413650731,41.08483413650731,Ag-Cr
Ag-Mn-O,Ag,Mn,O,MnAgO2_996995_POSCAR,35,global_gradient_fallback,3.774142775,-0.03137127846746,-0.0277138856511964,-0.0036573928162635,3.338665,7.112808,0.00760262,mp-996995,MnAgO2,Monoclinic,C2/m,12,0.0,-1.431450102399425,True,0.289499999999999,False,6.466486922597943,4,50.02428537290052,12.50607134322513,26.428065956485668,0.5283047175882787,52.83047175882787,Ag-Mn
Ag-Nb-O,Ag,Nb,O,Nb13AgO33_1210284_POSCAR,35,local_max_drop,5.7712823999,-0.16521497294258,-0.1052135692581558,-0.0600014036844241,5.578906,9.426428,0.02163488,mp-1210284,Nb13AgO33,Monoclinic,C2/m,12,0.003730815053199,-2.653369768164892,False,1.79,False,4.500350150590352,47,680.2630371101633,14.473681640641772,292.70539195946736,0.4302826641925364,43.02826641925365,Ag-Nb
Ag-Rh-S,Ag,Rh,S,Ag2_RhS_15_1201221_POSCAR,35,local_max_drop,13.7230983,-0.68998770888141,-0.4768707744354016,-0.2131169344460084,13.214835,24.904882,0.03801568,mp-1201221,Ag2(RhS)15,Cubic,Pm-3m,221,0.063735405975997,-0.462495538718727,False,0.0,True,7.083189685641985,64,1050.4012194270365,16.41251905354744,556.3630318132153,0.5296671610079579,52.966716100795786,Ag-Rh
Ag-V-O,Ag,V,O,V6AgO15_757033_POSCAR,35,local_max_drop,11.3430177994,-0.14274081141953,-0.0792215165304368,-0.0635192948890931,10.61121,17.929286,0.00834459,mp-757033,V6AgO15,Triclinic,P-1,2,0.02878973545455,-2.174808889621211,False,0.0,True,3.958282344303172,44,548.306463124887,12.461510525565616,241.6976098010503,0.4408075156064668,44.08075156064669,Ag-V
Ag-Y-O,Ag,Y,O,YAgO3_1369873_POSCAR,35,local_max_drop,7.6912346,-0.18565681817804,-0.1141445693847368,-0.0715122487933031,6.867174,13.459661,0.01807916,mp-1369873,YAgO3,Orthorhombic,Pnma,62,0.079617331708333,-2.084660176333332,False,0.0072,False,6.185094103225859,20,262.8602745640324,13.14301372820162,180.4549753553701,0.6865053141052377,68.65053141052377,Ag-Y
Au-Ta-S,Au,Ta,S,Ta5AuS_669370_POSCAR,35,local_max_drop,11.1503494889,-0.50347340206696,-0.2695531117121095,-0.2339202903548504,9.61237,18.840246,0.02960407,mp-669370,Ta5AuS,Cubic,F-43m,216,0.0,-0.387679552023805,True,0.0,True,15.211879356328824,28,495.0528311480107,17.680458255286094,473.1335883790587,0.9557234270974232,95.57234270974232,Au-Ta
Cd-Co-O,Cd,Co,O,Cd_CoO2_2_754042_POSCAR,35,local_max_drop,6.5799237532,-0.20589098842621,-0.1117606599537755,-0.0941303284724344,5.60512,11.941343,0.01751793,mp-754042,Cd(CoO2)2,Orthorhombic,Pmmn,59,0.004170140714285,-1.315091268571426,False,1.6511,False,6.578743263082807,28,297.11152870553354,10.611126025197626,136.33205214035803,0.4588581693020615,45.88581693020616,Cd-Co
Cd-Cr-O,Cd,Cr,O,Cr2CdO4_19262_POSCAR,35,global_gradient_fallback,6.8722386641,-0.10486281546647,-0.0839991146062803,-0.0208637008601896,6.343605,12.951527,0.01253195,mp-19262,Cr2CdO4,Cubic,Fd-3m,227,0.0,-2.141551745,True,1.8327,False,5.790301382345762,14,160.8263377757412,11.487595555410085,79.64738273537283,0.4952384282133839,49.523842821338384,Cd-Cr
Cd-Fe-O,Cd,Fe,O,Cd_FeO2_2_1283389_POSCAR,35,global_gradient_fallback,6.6575206185,-0.072057880639488,-0.0704473754642781,-0.0016105051752098,6.124919,13.04874,0.0100072,mp-1283389,Cd(FeO2)2,Monoclinic,C2/m,12,0.272493922857142,-1.344556262857142,False,0.0,True,5.931794774848385,14,161.29990958617293,11.521422113298067,73.18573821030853,0.4537246077699117,45.37246077699117,Cd-Fe
Cd-Mn-O,Cd,Mn,O,Mn2CdO4_18720_POSCAR,35,global_gradient_fallback,6.7665355996,-0.092143788957597,-0.0656208819130519,-0.026522907044545,5.985781,12.752317,0.009654,mp-18720,Mn2CdO4,Tetragonal,I4_1/amd,141,0.0,-1.862363835123151,True,0.0,True,5.658383257797477,14,168.0292372728739,12.00208837663385,79.64738273537283,0.4740090714452755,47.40090714452755,Cd-Mn
Cd-Mn-S,Cd,Mn,S,Mn4CdS5_1221768_POSCAR,35,global_gradient_fallback,7.6579002202,-0.076747846993003,-0.0740227910105133,-0.0027250559824896,7.019742,15.63488,0.00865141,mp-1221768,Mn4CdS5,Tetragonal,I4/m,87,0.063082338999999,-1.004526325699355,False,0.0,True,4.433360018649689,10,184.46412152953968,18.446412152953968,81.75088007888101,0.443180383269218,44.31803832692181,Cd-Mn
Cd-Nb-O,Cd,Nb,O,Nb6CdO16_773090_POSCAR,35,local_max_drop,11.8650195,-0.384451979196,-0.2569778255461163,-0.1274741536498836,11.074018,19.379532,0.027513,mp-773090,Nb6CdO16,Orthorhombic,Pmc2_1,26,0.049349634270184,-2.858967111521739,False,1.722799999999999,False,4.938124018092108,92,1245.3255142364194,13.536146893874124,570.5397660666459,0.4581450870027959,45.8145087002796,Cd-Nb
Cd-Nb-S,Cd,Nb,S,Nb6CdS8_1220444_POSCAR,35,local_max_drop,14.0816233945,-0.16051934066506,-0.0882492411615473,-0.0722700995035126,12.139331,23.793088,0.00769893,mp-1220444,Nb6CdS8,Trigonal,P-3,147,0.033029042,-1.261373705333332,False,0.0,True,5.571511734215976,15,276.09604976438754,18.40640331762584,162.15916074374334,0.5873287969245679,58.732879692456784,Cd-Nb
Cd-Ni-O,Cd,Ni,O,Cd_NiO2_2_756341_POSCAR,35,global_gradient_fallback,7.195130319,-0.081184561011829,-0.0690269222715851,-0.0121576387402438,6.907325,14.102455,0.0088486,mp-756341,Cd(NiO2)2,Tetragonal,I4_1/amd,141,0.003756616666665,-1.078691433571428,False,0.125,False,6.3781245134536615,14,152.97874424411987,10.927053160294276,66.5951962330625,0.4353231984097833,43.53231984097833,Cd-Ni
Cd-Pd-O,Cd,Pd,O,CdPd3O4_13675_POSCAR,35,local_max_drop,7.2061496875,-0.21794151129241,-0.1564055048536924,-0.0615360064387175,6.917904,14.124053,0.02134166,mp-13675,CdPd3O4,Cubic,Pm-3n,223,0.003593825000001,-0.925313815624998,False,0.0,True,8.591929454543923,16,191.5930708559616,11.9745669284976,102.14637185734928,0.5331423072922207,53.31423072922207,Cd-Pd
Cd-Tc-O,Cd,Tc,O,CdTcO3_1189706_POSCAR,35,local_max_drop,6.0035811,-0.23348590594388,-0.1742343556783371,-0.0592515502655428,5.730691,13.371612,0.02232125,mp-1189706,CdTcO3,Orthorhombic,Pnma,62,0.1159108135,-1.552568544999999,False,0.0,True,7.18272824752602,20,238.9613288887264,11.94806644443632,117.70492097869352,0.4925689086433873,49.256890864338736,Cd-Tc
Cd-Ti-O,Cd,Ti,O,Ti2CdO5_849246_POSCAR,35,global_gradient_fallback,7.66250156,-0.056998281638846,-0.0514075696233395,-0.0055907120155064,7.388841,13.409378,0.0073665,mp-849246,Ti2CdO5,Orthorhombic,Cmcm,63,0.042959304687499,-2.942224596458333,False,2.5113,False,4.641201002048208,16,206.1841523742546,12.886509523390911,105.68706406407073,0.5125857775540049,51.258577755400495,Cd-Ti
Cd-V-O,Cd,V,O,V3CdO7_1179420_POSCAR,35,local_max_drop,8.077866,-0.1622731968485,-0.0930986554615388,-0.0691745413869611,7.539342,13.193848,0.01357696,mp-1179420,V3CdO7,Orthorhombic,Pnma,62,0.09373219068181,-2.223835990227273,False,1.8561,False,3.888491692352277,44,644.3704761167897,14.644783548108858,263.7796299908815,0.4093602046768394,40.936020467683946,Cd-V
Cd-Zr-O,Cd,Zr,O,Zr4CdO9_676286_POSCAR,35,local_max_drop,24.4782041147,-0.18635380788275,-0.1050451570937819,-0.0813086507889681,23.634128,41.359724,0.00524072,mp-676286,Zr4CdO9,Monoclinic,C2/m,12,0.079002184999994,-3.382120368928572,False,2.5075000000000003,False,5.734274545196813,28,359.8347345080291,12.851240518143896,226.2863888087889,0.6288619944324461,62.88619944324461,Cd-Zr
Co-Cr-O,Co,Cr,O,CrCo3O8_754623_POSCAR,35,global_gradient_fallback,6.4326573386,-0.049794446927269,-0.0434825326063616,-0.0063119143209073,6.185247,12.123085,0.00639037,mp-754623,CrCo3O8,Trigonal,R-3m,166,0.103458840000004,-1.215452146666667,False,0.4764,False,4.456399200727292,12,132.94706698594084,11.078922248828404,46.02104417477969,0.3461606579079057,34.616065790790564,Co-Cr
Co-Cu-O,Co,Cu,O,Co9Cu3O16_2767725_POSCAR,35,local_max_drop,7.6070175726,-0.21381171652605,-0.128911987616912,-0.0848997289091379,7.043535,13.805328,0.01768914,mp-2767725,Co9Cu3O16,Orthorhombic,C222,21,0.0,-1.234326876071429,True,0.0,True,6.270978503168135,28,258.71429114229846,9.239796112224946,123.58281570081886,0.4776806691086331,47.76806691086332,Co-Cu
Co-Fe-O,Co,Fe,O,FeCo3O8_771245_POSCAR,35,global_gradient_fallback,6.4148026051,-0.038023675463968,-0.0342393275481528,-0.0037843479158151,5.921356,12.089436,0.00491381,mp-771245,FeCo3O8,Trigonal,R3m,160,0.119395476041669,-1.040573050833333,False,0.0,True,4.561812443491929,12,131.27599139719948,10.939665949766622,44.40563304351362,0.3382616468624203,33.82616468624203,Co-Fe
Co-Hf-O,Co,Hf,O,HfCoO3_753534_POSCAR,35,local_max_drop,7.0250959999,-0.14756013378528,-0.0868051809796418,-0.0607549528056381,6.214508,13.239604,0.01202803,mp-753534,HfCoO3,Orthorhombic,Pnma,62,0.094861511999996,-2.825757570999999,False,2.5156,False,8.2492444494734,20,229.8166236876694,11.49083118438347,137.7649367384505,0.5994559250234175,59.94559250234175,Co-Hf
Co-Mn-O,Co,Mn,O,MnCo3O8_773602_POSCAR,35,global_gradient_fallback,6.4529787941,-0.037764622136398,-0.0316035112830364,-0.0061611108533615,5.956596,12.161383,0.0042586,mp-773602,MnCo3O8,Trigonal,R-3m,166,0.025675966180557,-1.234280509827585,False,0.0,True,4.474282979546723,12,133.50751837729786,11.125626531441489,46.02104417477969,0.3447075096154681,34.47075096154681,Co-Mn
Co-Mn-S,Co,Mn,S,MnCoS_1008876_POSCAR,35,global_gradient_fallback,4.4972631682,-0.035425040138251,-0.0190237826583458,-0.0164012574799051,3.997567,8.1617,0.00400333,mp-1008876,MnCoS,Cubic,F-43m,216,0.286228594952381,-0.211969025143678,False,0.0,True,6.021095870706779,3,40.24729601083481,13.415765336944936,24.477698216493845,0.6081824282034825,60.818242820348246,Co-Mn
Co-Mo-O,Co,Mo,O,CoMoO3_1183772_POSCAR,35,global_gradient_fallback,4.18278,-0.072494547405946,-0.0500665008935029,-0.022428046512443,3.18688,9.75982,0.00858388,mp-1183772,CoMoO3,Cubic,Pm-3m,221,0.6738278065000021,-1.047837765,False,0.0,True,5.328963454597332,5,63.216023109056,12.6432046218112,27.290504349329552,0.43170232809884,43.170232809884006,Co-Mo
Co-Nb-O,Co,Nb,O,Nb2Co4O9_2767524_POSCAR,35,local_max_drop,6.4042538926,-0.25829525284638,-0.1917194088514343,-0.0665758439949456,5.891914,12.552338,0.02803745,mp-2767524,Nb2Co4O9,Triclinic,P1,1,0.036764583333335,-1.880856093916666,False,0.8233,False,5.810273708281616,30,323.25551060470906,10.775183686823636,162.61600695863805,0.5030571842516616,50.30571842516616,Co-Nb
Co-Nb-S,Co,Nb,S,Nb3CoS6_7116_POSCAR,35,local_max_drop,8.4532816155,-0.18954458855755,-0.1079373832766566,-0.0816072052808933,7.287312,14.283131,0.01573331,mp-7116,Nb3CoS6,Hexagonal,P6_322,182,0.0,-1.2897839994999991,True,0.0,True,4.992891245105044,20,352.5636597480232,17.62818298740116,185.80600404553732,0.527014055215823,52.7014055215823,Co-Nb
Co-Ni-O,Co,Ni,O,CoNiO2_1238777_POSCAR,35,global_gradient_fallback,3.6171996,-0.056974999957414,-0.0404092471995128,-0.0165657527579011,2.411466,7.385116,0.00997434,mp-1238777,CoNiO2,Tetragonal,P4/mmm,123,0.250231175625001,-0.9947270474999992,False,0.0,True,6.476261952015926,4,38.36454047008031,9.591135117520077,18.774124187530965,0.4893613727022876,48.93613727022876,Co-Ni
Co-Ni-S,Co,Ni,S,Co_NiS2_2_674858_POSCAR,35,global_gradient_fallback,8.4412051901,-0.099027710589077,-0.0882635550160859,-0.010764155572991,7.791882,15.908425,0.01031901,mp-674858,Co(NiS2)2,Orthorhombic,Fdd2,43,0.113488860714266,-0.597258517142855,False,0.0,True,5.027884284906634,14,201.1848133931996,14.370343813799971,87.49648861754893,0.4349060306383269,43.49060306383269,Co-Ni
Co-Rh-O,Co,Rh,O,Co_RhO3_2_1226570_POSCAR,35,global_gradient_fallback,6.7147856876,-0.037379202165584,-0.0321934037949643,-0.0051857983706196,4.132176,12.654788,0.00461657,mp-1226570,Co(RhO3)2,Monoclinic,C2/m,12,0.148583944444443,-1.021530094444444,False,0.0,True,2.453578124543232,9,244.1429700853245,27.126996676147165,39.5921434227462,0.1621678617611201,16.216786176112016,Co-Rh
Co-Rh-S,Co,Rh,S,Co8RhS8_1188878_POSCAR,35,local_max_drop,8.4890131391,-0.14576792136149,-0.087884287155483,-0.0578836342060069,7.882655,14.855773,0.01082663,mp-1188878,Co8RhS8,Cubic,Fm-3m,225,0.0,-0.732440719411764,True,0.0,True,5.684765663163438,17,242.706058449,14.276826967588237,117.81934197192746,0.4854404654125472,48.54404654125473,Co-Rh
Co-Ru-O,Co,Ru,O,Co2RuO4_754049_POSCAR,35,local_max_drop,7.6305397759,-0.26961734804316,-0.1768148284924552,-0.0928025195507047,6.409653,14.955858,0.02211239,mp-754049,Co2RuO4,Monoclinic,C2/c,15,0.389865223928572,-0.961607673214286,False,0.0,True,6.018570824814034,28,312.24884255562034,11.15174437698644,138.44574918801487,0.4433827458090698,44.338274580906976,Co-Ru
Co-Sc-O,Co,Sc,O,ScCoO3_754124_POSCAR,35,local_max_drop,7.0161140422,-0.16460836974546,-0.0774552991531625,-0.0871530705922974,6.264388,12.2782,0.01216851,mp-754124,ScCoO3,Orthorhombic,Pnma,62,0.069466608589287,-2.529875858499999,False,0.0,True,4.860949832328608,20,207.5436409696248,10.37718204848124,130.2858518278045,0.6277515958529059,62.77515958529059,Co-Sc
Co-Ta-O,Co,Ta,O,Ta2Co4O9_863438_POSCAR,35,local_max_drop,6.249516336,-0.20985425737504,-0.1481138987872047,-0.0617403585878352,5.98912,12.759429,0.02014494,mp-863438,Ta2Co4O9,Trigonal,P-3c1,165,0.01773443916668,-2.236345993311112,False,2.0509,False,7.325176331153413,30,336.23605570414867,11.207868523471625,171.028035978855,0.5086546581706906,50.86546581706906,Co-Ta
Co-Ta-S,Co,Ta,S,Ta9_CoS3_2_1189705_POSCAR,35,local_max_drop,4.8311029675,-0.21034912005602,-0.0972138120940278,-0.1131353079619921,4.164744,8.162898,0.02177662,mp-1189705,Ta9(CoS3)2,Hexagonal,P-62m,189,0.005008001176468,-0.917589496529411,False,0.0,True,10.809770938268388,17,297.82611400389425,17.519183176699663,231.0683368393144,0.7758498196578323,77.58498196578323,Co-Ta
Co-Tc-O,Co,Tc,O,Co2TcO4_36069_POSCAR,35,local_max_drop,6.6165373009,-0.15685437293073,-0.0889880395399776,-0.0678663333907524,5.557891,12.968413,0.01266497,mp-36069,Co2TcO4,Orthorhombic,Imma,74,0.052511556785713,-1.481405397857143,False,0.0,True,5.893820005460411,14,157.6991111590218,11.264222225644415,69.76228186383864,0.4423758723249316,44.23758723249316,Co-Tc
Co-Ti-O,Co,Ti,O,TiCo5O12_1306974_POSCAR,35,local_max_drop,7.1845412379,-0.14463604094709,-0.0747386825695493,-0.0698973583775406,6.19357,12.139397,0.01062003,mp-1306974,TiCo5O12,Monoclinic,Cm,8,0.101776342361112,-1.376593449629629,False,0.0,True,3.963842588101981,36,447.8487277350265,12.44024243708407,147.0083735936742,0.3282545299104946,32.82545299104946,Co-Ti
Co-Ti-S,Co,Ti,S,Ti3CoS6_1208259_POSCAR,35,local_max_drop,8.064096152,-0.15859160648226,-0.0869620078162527,-0.0716295986660072,7.488089,14.112168,0.01154524,mp-1208259,Ti3CoS6,Hexagonal,P6_322,182,0.059343372888879,-1.431512806499999,False,0.0,True,3.990810903174556,20,328.6485229280394,16.432426146401973,177.89059799199995,0.5412791647657905,54.12791647657905,Co-Ti
Co-V-O,Co,V,O,V2CoO6_1078719_POSCAR,35,global_gradient_fallback,11.027401267,-0.013504488753896,-0.0107902817202571,-0.0027142070336388,10.659821,18.011422,0.00093872,mp-1078719,V2CoO6,Monoclinic,C2/m,12,0.27740069499994,-1.877947825555554,False,0.8815000000000001,False,2.358402696037397,9,180.82041196893476,20.091156885437197,45.60966727755783,0.2522373817254307,25.22373817254307,Co-V
Co-Y-O,Co,Y,O,Y2Co2O5_1187759_POSCAR,35,local_max_drop,5.2787098,-0.11120926216849,-0.036349304930242,-0.0748599572382479,4.524608,9.237742,0.00713256,mp-1187759,Y2Co2O5,Tetragonal,P4/mmm,123,0.435479104861109,-2.326374695,False,0.0,True,6.480963619833582,9,96.2546929571392,10.69496588412658,80.24143696221562,0.8336366206886758,83.36366206886758,Co-Y
Co-Zn-O,Co,Zn,O,ZnCoO2_1443384_POSCAR,35,global_gradient_fallback,3.5648459344,-0.11179626387032,-0.073030317081756,-0.0387659467885639,3.137064,6.987098,0.01892057,mp-1443384,ZnCoO2,Triclinic,P-1,2,0.25416001125,-1.277205118125,False,0.0,True,5.247563574335017,16,197.89018376306385,12.368136485191489,73.57553027160513,0.3717997976074344,37.17997976074344,Co-Zn
Co-Zr-O,Co,Zr,O,ZrCoO3_756665_POSCAR,35,local_max_drop,7.298880239,-0.15073875740527,-0.0802309372480622,-0.0705078201572078,6.040453,12.332591,0.01337257,mp-756665,ZrCoO3,Orthorhombic,Pnma,62,0.078509806999996,-2.7183933045,False,1.9991,False,5.75193460615361,20,228.82372412305963,11.44118620615298,137.7649367384505,0.6020570518481798,60.20570518481798,Co-Zr
Cr-Cu-O,Cr,Cu,O,Cr2CuO4_1103973_POSCAR,35,global_gradient_fallback,6.7761214922,-0.10641837651284,-0.0845387066441206,-0.0218796698687194,6.254881,12.770383,0.01275924,mp-1103973,Cr2CuO4,Tetragonal,I4_1/amd,141,0.023419502857128,-1.936370315714286,False,0.0,True,5.108807551994644,14,150.51427850938376,10.751019893527411,73.90022853311936,0.4909848372193611,49.09848372193611,Cr-Cu
Cr-Fe-O,Cr,Fe,O,Cr2FeO4_1104680_POSCAR,35,global_gradient_fallback,6.576437697,-0.10172255480281,-0.0960803525689031,-0.0056422022339069,6.31338,12.889818,0.0139577,mp-1104680,Cr2FeO4,Tetragonal,I4_1/amd,141,0.0,-2.180387279285714,True,0.0,True,4.772878466855058,14,155.74937971132684,11.124955693666204,73.90022853311936,0.4744816876323327,47.44816876323327,Cr-Fe
Cr-Fe-S,Cr,Fe,S,Cr12Fe3S20_1226707_POSCAR,35,local_max_drop,10.897542237,-0.32136291820839,-0.2138929614425455,-0.1074699567658444,10.119146,19.070699,0.02265664,mp-1226707,Cr12Fe3S20,Triclinic,P-1,2,0.044049386857142,-0.8939817408571411,False,0.0,True,4.66643641395626,35,509.8538947110113,14.567254134600324,260.8771502373418,0.5116704078238116,51.16704078238116,Cr-Fe
Cr-Hf-O,Cr,Hf,O,HfCrO3_756322_POSCAR,35,local_max_drop,6.3788452,-0.16463054949994,-0.1040721233206146,-0.0605584261793253,5.888165,12.02167,0.01628697,mp-756322,HfCrO3,Orthorhombic,Pnma,62,0.097289875666666,-3.103459338499999,False,1.7873,False,7.555903212417212,20,244.80676715117255,12.24033835755863,149.24629340364424,0.6096493783257306,60.96493783257306,Cr-Hf
Cr-Mn-O,Cr,Mn,O,Mn2CrO6_775006_POSCAR,35,global_gradient_fallback,8.5982889176,-0.054852736148118,-0.0339118589287701,-0.0209408772193478,7.324468,15.604302,0.00402854,mp-775006,Mn2CrO6,Monoclinic,C2/m,12,0.084567050370358,-1.813018519540231,False,0.0,True,4.092423041751529,9,104.6326012400716,11.62584458223018,40.974046255256255,0.391599231689217,39.1599231689217,Cr-Mn
Cr-Mn-S,Cr,Mn,S,Mn2Cr13S20_1222474_POSCAR,35,local_max_drop,10.745239488,-0.32734214702062,-0.2232810278155063,-0.1040611192051136,9.977722,18.804169,0.0242271,mp-1222474,Mn2Cr13S20,Triclinic,P-1,2,0.04910998371429,-0.912423300738914,False,0.0,True,4.449170010785949,35,532.6381001239282,15.218231432112235,265.72338363114,0.4988816676263198,49.88816676263198,Cr-Mn
Cr-Mo-O,Cr,Mo,O,CrMoO3_1226313_POSCAR,35,global_gradient_fallback,5.0925237241,-0.037482810234895,-0.0263656638038839,-0.011117146431011,4.700791,9.597449,0.00527992,mp-1226313,CrMoO3,Trigonal,R3,146,0.444497286249998,-1.6484964329999992,False,0.0,True,5.39333395535818,5,60.32568406488097,12.065136812976194,30.16084351562799,0.4999668712117654,49.99668712117654,Cr-Mo
Cr-Nb-S,Cr,Nb,S,Nb3CrS6_1189260_POSCAR,35,local_max_drop,8.416256025,-0.18529186950041,-0.1034522913572666,-0.0818395781431433,7.255393,14.220571,0.0150186,mp-1189260,Nb3CrS6,Hexagonal,P6_322,182,0.0,-1.382076497499998,True,0.0,True,4.872158125248628,20,356.57163162506555,17.828581581253278,191.54668237813425,0.5371899090939046,53.71899090939046,Cr-Nb
Cr-Ni-O,Cr,Ni,O,Cr3_NiO6_2_776211_POSCAR,35,local_max_drop,7.3787854,-0.55444671274708,-0.4897423100708513,-0.0647044026762287,6.944739,21.268264,0.03286315,mp-776211,Cr3(NiO6)2,Monoclinic,P2_1/c,14,0.093293563558821,-1.3581772527941172,False,0.0108,False,3.200295099279091,68,965.862902458516,14.203866212625236,256.6900187934762,0.265762374908587,26.576237490858706,Cr-Ni
Cr-Ni-S,Cr,Ni,S,Cr11NiS16_1226263_POSCAR,35,local_max_drop,9.3701018334,-0.25678132616205,-0.1854894503064831,-0.0712918758555668,9.023061,17.005,0.02185686,mp-1226263,Cr11NiS16,Triclinic,P-1,2,0.013053152738095,-0.933679667142856,False,0.0,True,4.091222461151076,28,464.1993372277237,16.578547758132988,209.31566027933445,0.4509176198514256,45.09176198514256,Cr-Ni
Cr-Sc-O,Cr,Sc,O,ScCrO3_18961_POSCAR,35,local_max_drop,7.1244376,-0.23683707342353,-0.1133655943533122,-0.1234714790702177,6.615549,12.467766,0.01849654,mp-18961,ScCrO3,Orthorhombic,Pnma,62,0.036846917874999,-3.130813287000001,False,2.417799999999999,False,4.631233740587391,20,207.88887214092208,10.394443607046105,141.76720849299815,0.6819374554925581,68.19374554925581,Cr-Sc
Cr-Tc-O,Cr,Tc,O,CrTcO3_1183695_POSCAR,35,global_gradient_fallback,4.2818798,-0.066739774742646,-0.0515238264558259,-0.01521594828682,3.114094,9.536914,0.00925667,mp-1183695,CrTcO3,Cubic,Pm-3m,221,0.6304814391249991,-1.40032656,False,0.0,True,5.574121430837644,5,58.98279651663666,11.796559303327331,28.168064274812707,0.4775640684799954,47.75640684799954,Cr-Tc
Cr-Ti-O,Cr,Ti,O,TiCrO4_755596_POSCAR,35,global_gradient_fallback,4.9385047947,-0.02599437096606,-0.0207657233496685,-0.0052286476163914,4.585754,8.642383,0.0045779,mp-755596,TiCrO4,Tetragonal,I-4m2,119,0.074640174583334,-2.703237982222222,False,0.0,True,3.965585977114387,6,68.61459952031653,11.435766586719422,33.22382095465435,0.4842092089281509,48.42092089281509,Cr-Ti
Cr-Ti-S,Cr,Ti,S,TiCrS2_1216903_POSCAR,35,global_gradient_fallback,4.643303967,-0.042242675786589,-0.0325872020206628,-0.0096554737659261,4.127381,8.426737,0.00763988,mp-1216903,TiCrS2,Trigonal,P-3m1,164,0.091667498333331,-1.199996959583332,False,0.0,True,4.482065069763771,4,60.75702731375437,15.189256828438593,38.10487576142498,0.627168204998711,62.7168204998711,Cr-Ti
Cr-V-O,Cr,V,O,V3CrO8_755402_POSCAR,35,global_gradient_fallback,8.8851272178,-0.049747717642091,-0.0388451861946337,-0.0109025314474572,7.353209,15.012801,0.00513891,mp-755402,V3CrO8,Monoclinic,Cm,8,0.063060493072896,-2.379505033333333,False,0.044599999999999,False,3.82938002914758,12,144.31935032160848,12.026612526800706,65.89100195657504,0.456563875944149,45.6563875944149,Cr-V
Cr-V-S,Cr,V,S,V_CrS2_2_1025224_POSCAR,35,global_gradient_fallback,7.8211164825,-0.05396170869178,-0.0490411829404546,-0.0049205257513253,6.662433,14.193878,0.00688233,mp-1025224,V(CrS2)2,Monoclinic,C2/m,12,0.027177101746032,-1.05589464142857,False,0.0,True,4.05259622159128,7,116.0377635139852,16.576823359140743,56.89765682052806,0.4903374134203353,49.03374134203353,Cr-V
Cr-Y-O,Cr,Y,O,YCr2O4_1388393_POSCAR,35,local_max_drop,7.1669590441,-0.14489403716823,-0.0860178137857409,-0.058876223382489,6.615655,13.506961,0.01229423,mp-1388393,YCr2O4,Trigonal,R-3m,166,0.192869100119041,-2.649898928571427,False,0.0,True,4.691464273172884,14,181.85591428544947,12.98970816324639,112.09388570293476,0.6163884531519113,61.638845315191126,Cr-Y
Cr-Y-S,Cr,Y,S,Y3CrS6_1207827_POSCAR,35,local_max_drop,5.276822236,-0.37384780063418,-0.2013006834921469,-0.172547117142033,4.52299,9.234439,0.04451361,mp-1207827,Y3CrS6,Orthorhombic,Pnnm,58,0.003718463499999,-2.0134434955,False,0.0,True,4.236869337938178,40,801.2591469907037,20.03147867476759,506.1460806790911,0.6316883652187043,63.16883652187043,Cr-Y
Cr-Zn-O,Cr,Zn,O,ZnCr2O4_1409107_POSCAR,35,global_gradient_fallback,7.1610908619,-0.098289998230737,-0.0908103821410433,-0.0074796160896936,6.588204,14.035738,0.01207286,mp-1409107,ZnCr2O4,Monoclinic,C2/m,12,0.231613394285713,-2.045625323571428,False,0.0,True,4.952711270129655,14,156.5073370134502,11.17909550096073,69.84447430523694,0.4462696486825696,44.62696486825696,Cr-Zn
Cr-Zr-O,Cr,Zr,O,ZrCrO4_1650178_POSCAR,35,global_gradient_fallback,6.7061586184,-0.11679684922791,-0.1096999822839154,-0.0070968669439945,5.748136,11.735778,0.01895398,mp-1650178,ZrCrO4,Triclinic,P1,1,0.062127835,-2.8685314733333342,False,1.27,False,4.9476607748721015,24,278.18648216781435,11.59110342365893,154.06333511850528,0.5538131612936084,55.38131612936083,Cr-Zr
Cu-Fe-O,Cu,Fe,O,Fe2CuO4_33546_POSCAR,35,global_gradient_fallback,6.5573706041,-0.080299922253014,-0.0687341035149289,-0.011565818738085,6.032781,12.852446,0.00993928,mp-33546,Fe2CuO4,Orthorhombic,Imma,74,0.120686992857136,-1.368033957142857,False,0.0,True,5.145688082889789,14,154.40373848662907,11.028838463330649,67.43858400805502,0.4367678183769819,43.676781837698194,Cu-Fe
Cu-Mn-O,Cu,Mn,O,MnCuO3_1176440_POSCAR,35,global_gradient_fallback,5.7959171988,-0.047100244782413,-0.0436796346890244,-0.0034206100933885,5.350077,10.923075,0.00740832,mp-1176440,MnCuO3,Trigonal,R-3,148,0.043907520361112,-1.426801526586206,False,0.0,True,5.502749489221097,10,100.47714212833384,10.047714212833384,48.99271855371233,0.4876006374776929,48.76006374776929,Cu-Mn
Cu-Nb-O,Cu,Nb,O,Nb3CuO8_27383_POSCAR,35,local_max_drop,7.6515495,-0.22994908807669,-0.1573757987638695,-0.0725732893128205,7.141446,12.497531,0.0268429,mp-27383,Nb3CuO8,Monoclinic,P2_1/c,14,0.038492038690476,-2.697000756458333,False,0.7845000000000001,False,5.374651882707169,48,581.1618562550517,12.107538671980244,298.79089569051246,0.5141268176405981,51.41268176405981,Cu-Nb
Cu-Nb-S,Cu,Nb,S,Nb2CuS4_1210558_POSCAR,35,local_max_drop,5.14278315,-0.22755461837197,-0.1547659929202461,-0.0727886254517239,4.788108,8.68953,0.03804954,mp-1210558,Nb2CuS4,Orthorhombic,Pnma,62,0.264444052806127,-0.939789078214285,False,0.0,True,4.866809285268724,28,515.3690366779402,18.40603702421215,263.9332580604324,0.5121247868551466,51.21247868551466,Cu-Nb
Cu-Ni-O,Cu,Ni,O,CuNi3O4_1225790_POSCAR,35,local_max_drop,3.6915515101,-0.10642259791396,-0.0481405905679729,-0.058282007345987,3.396227,7.235441,0.01204411,mp-1225790,CuNi3O4,Trigonal,R-3m,166,0.095097578125001,-1.054165132499998,False,0.0,True,6.668103893005709,8,75.61057677792321,9.451322097240402,38.41046895081514,0.5080039141035919,50.80039141035919,Cu-Ni
Cu-Pd-S,Cu,Pd,S,Cu3Pd13S7_1225772_POSCAR,35,local_max_drop,9.5581114379,-0.41002438032355,-0.2556330719278695,-0.1543913083956805,8.822872,18.013364,0.0279732,mp-1225772,Cu3Pd13S7,Trigonal,R3m,160,0.005943217065215,-0.314113620095107,False,0.0,True,8.204970912341734,23,363.994894188608,15.825864964722086,209.08901740772413,0.5744284349751959,57.44284349751959,Cu-Pd
Cu-Sc-O,Cu,Sc,O,Sc5Cu5O13_752959_POSCAR,35,local_max_drop,7.7030975689,-0.14914761744617,-0.0832621112452003,-0.0658855062009696,7.427987,13.480421,0.01209969,mp-752959,Sc5Cu5O13,Triclinic,P1,1,0.045681538043476,-2.5317624313043483,False,0.0,True,4.5349818555235,23,274.8053973960554,11.948060756350236,166.72343410248678,0.6066963592501838,60.66963592501838,Cu-Sc
Cu-Ta-S,Cu,Ta,S,Ta14_CuS8_3_676854_POSCAR,35,local_max_drop,9.5747663171,-0.27524065357004,-0.1917265528601748,-0.0835141007098651,8.584273,16.178053,0.0241233,mp-676854,Ta14(CuS8)3,Triclinic,P1,1,0.0,-1.301147123479672,True,0.0,True,7.866277541940848,41,737.4568966678316,17.986753577264185,433.3927764143639,0.5876855696551637,58.768556965516375,Cu-Ta
Cu-Ti-O,Cu,Ti,O,Ti3Cu3O_21457_POSCAR,35,local_max_drop,9.5803839947,-0.58984967686938,-0.1942374331088994,-0.3956122437604805,8.553914,16.765672,0.02062219,mp-21457,Ti3Cu3O,Cubic,Fd-3m,227,0.0,-0.936024764285714,True,0.0,True,6.668466963447067,28,348.85652062439823,12.459161450871363,326.3134590171874,0.9353801340251222,93.53801340251222,Cu-Ti
Cu-Ti-S,Cu,Ti,S,Ti2CuS4_559918_POSCAR,35,local_max_drop,9.3991949884,-0.18567778534064,-0.111022949890956,-0.0746548354496839,9.063509,16.448591,0.01284762,mp-559918,Ti2CuS4,Trigonal,R-3m,166,0.021866419642857,-1.41592737202381,False,0.0,True,3.893978069048722,28,490.47158993856885,17.51684249780603,253.37938332238244,0.5166035883018586,51.66035883018586,Cu-Ti
Cu-V-O,Cu,V,O,V6CuO15_1216902_POSCAR,35,local_max_drop,11.4266263475,-0.13573822782593,-0.0779326165398175,-0.0578056112861124,10.689425,18.061442,0.00805696,mp-1216902,V6CuO15,Triclinic,P-1,2,0.034528360909099,-2.198725165454546,False,0.3368,False,3.595046402772757,44,562.761666355433,12.790037871714388,235.4256755843608,0.4183399290662932,41.83399290662932,Cu-V
Cu-V-S,Cu,V,S,V7_CuS6_2_1216478_POSCAR,35,local_max_drop,9.6514818375,-0.15983968633652,-0.0953122730016657,-0.0645274133348542,8.985862,16.307676,0.01153543,mp-1216478,V7(CuS6)2,Triclinic,P-1,2,0.084569901428578,-1.1155840157142851,False,0.0,True,4.434769846626957,21,325.1839347221695,15.484949272484265,182.4740685762519,0.5611410930621589,56.11410930621589,Cu-V
Cu-Y-O,Cu,Y,O,Y2CuO4_755924_POSCAR,35,local_max_drop,9.5176549565,-0.12956393786672,-0.0524923789936102,-0.0770715588731097,8.204875,16.081555,0.00657741,mp-755924,Y2CuO4,Orthorhombic,Cmce,64,0.033765617678584,-3.059798596428571,False,0.0,True,5.604140332710643,14,180.95706907973067,12.925504934266476,143.82589834768575,0.7948067410636236,79.48067410636236,Cu-Y
Cu-Y-S,Cu,Y,S,Y2_CuS2_3_1352540_POSCAR,35,local_max_drop,8.7870314,-0.27081830398448,-0.1776161068934137,-0.0932021970910662,7.845564,15.377305,0.02335237,mp-1352540,Y2(CuS2)3,Orthorhombic,Pnma,62,0.195975165681817,-1.038565685397729,False,0.0,True,3.818224364210447,44,975.6328000832948,22.173472729165788,461.83345553328434,0.4733681109264216,47.336811092642165,Cu-Y
Fe-Hf-O,Fe,Hf,O,HfFeO3_753790_POSCAR,35,global_gradient_fallback,6.2974325,-0.10662222271678,-0.0886014935196724,-0.0180207291971075,5.793638,12.342968,0.01273869,mp-753790,HfFeO3,Orthorhombic,Pnma,62,0.096192584000004,-2.9083017955,False,2.3645,False,7.956121570460496,20,235.705452334387,11.78527261671935,142.78464887857996,0.6057757572617218,60.577575726172185,Fe-Hf
Fe-Mn-O,Fe,Mn,O,MnFeO4_1221655_POSCAR,35,global_gradient_fallback,6.5977086809,-0.03779242255478,-0.0365430765864869,-0.001249345968293,6.343951,12.434143,0.00527539,mp-1221655,MnFeO4,Orthorhombic,Imma,74,0.288614941111112,-1.333937084655172,False,0.0,True,4.189290253281746,12,138.55811897680815,11.546509914734015,51.40123941114286,0.3709724106441311,37.09724106441311,Fe-Mn
Fe-Mn-S,Fe,Mn,S,Mn4FeS5_1222234_POSCAR,35,global_gradient_fallback,6.7825415558,-0.081986922282579,-0.0706599992756147,-0.0113269230069642,6.239938,13.293781,0.00982534,mp-1222234,Mn4FeS5,Monoclinic,C2/m,12,0.081004794500001,-0.658308401922413,False,0.0,True,4.527744026534428,10,159.87339496736266,15.987339496736263,78.87730297775427,0.4933735409437991,49.33735409437992,Fe-Mn
Fe-Nb-S,Fe,Nb,S,Nb3FeS6_22613_POSCAR,35,local_max_drop,8.38989488,-0.18069698599472,-0.1087684366449259,-0.071928549349794,7.521975,14.176029,0.01591421,mp-22613,Nb3FeS6,Hexagonal,P6_322,182,0.0,-1.305383390999996,True,0.0,True,5.123293145711532,20,341.58808073878663,17.07940403693933,188.31586011560208,0.5512951731463012,55.129517314630114,Fe-Nb
Fe-Ni-O,Fe,Ni,O,Fe2NiO4_35596_POSCAR,35,global_gradient_fallback,6.3590498578,-0.089638453710896,-0.0717867487337375,-0.0178517049771584,5.850326,12.463738,0.0104462,mp-35596,Fe2NiO4,Orthorhombic,Imma,74,0.0,-1.591041269285713,True,1.361599999999999,False,5.452222427486228,14,142.76703215348348,10.197645153820249,64.143313019432,0.4492865898513175,44.92865898513176,Fe-Ni
Fe-Ni-S,Fe,Ni,S,FeNiS2_1225090_POSCAR,35,global_gradient_fallback,9.4055676201,-0.081707215318928,-0.0538831516430592,-0.0278240636758687,8.360505,17.069363,0.00543089,mp-1225090,FeNiS2,Orthorhombic,Imm2,44,0.363094901035714,-0.417692974999998,False,0.0,True,3.224799901404431,16,368.00529272991736,23.000330795619835,109.27451154705795,0.2969373367878585,29.69373367878585,Fe-Ni
Fe-Rh-O,Fe,Rh,O,FeRhO3_973648_POSCAR,35,global_gradient_fallback,4.1470803,-0.065475833471035,-0.05271894933734,-0.0127568841336949,3.016058,9.236679,0.00988881,mp-973648,FeRhO3,Cubic,Pm-3m,221,0.935127389249996,-0.466947915,False,0.0,True,6.406821234410597,5,53.58574568537138,10.717149137074276,25.240577443750364,0.4710315611160918,47.10315611160919,Fe-Rh
Fe-Sc-O,Fe,Sc,O,ScFeO3_754342_POSCAR,35,global_gradient_fallback,4.548674259,-0.043960889776361,-0.0400013679330383,-0.0039595218433226,3.874797,8.255001,0.0092836,mp-754342,ScFeO3,Hexagonal,P6_3/mmc,194,0.072947626874997,-2.76496437,False,0.0,True,4.208115250017525,10,117.43344624936029,11.743344624936029,67.65278198396697,0.5760946659123999,57.60946659123999,Fe-Sc
Fe-Sc-S,Fe,Sc,S,Sc22Fe7S40_685224_POSCAR,35,local_max_drop,9.024790074,-0.43503707459969,-0.2342368989268344,-0.2008001756728555,8.380162,15.793383,0.02839364,mp-685224,Sc22Fe7S40,Triclinic,P1,1,0.173628575905799,-1.7448949872463762,False,0.0,True,3.097367191647815,69,1427.4252361596082,20.68732226318273,714.15009251523,0.5003064780027309,50.03064780027309,Fe-Sc
Fe-Ta-S,Fe,Ta,S,Ta9_FeS3_2_615821_POSCAR,35,local_max_drop,15.377757555,-0.19962436259655,-0.0948171448411945,-0.1048072177553554,12.814798,25.117004,0.00725353,mp-615821,Ta9(FeS3)2,Hexagonal,P-62m,189,0.019927514117645,-0.899049542411763,False,0.0,True,10.71000235549131,17,299.642878428507,17.626051672265117,233.5781929093791,0.7795219233455251,77.9521923345525,Fe-Ta
Fe-Ti-O,Fe,Ti,O,TiFeO3_19417_POSCAR,35,global_gradient_fallback,6.2958834785,-0.045446181306329,-0.0451296380882415,-0.0003165432180874,6.07103,11.017796,0.0080272,mp-19417,TiFeO3,Trigonal,R-3,148,0.012041214999998,-2.717671577666666,False,2.7436,False,4.907110856305436,10,102.67577874252268,10.267577874252266,60.808298789346,0.592236061260693,59.22360612606929,Fe-Ti
Fe-Ti-S,Fe,Ti,S,Ti3FeS6_16335_POSCAR,35,local_max_drop,8.309857066,-0.13449788875927,-0.0791448268970331,-0.0553530618622368,8.013076,14.54225,0.01027967,mp-16335,Ti3FeS6,Trigonal,P-31c,163,0.074345122999978,-1.422708285999998,False,0.0,True,3.678628135153414,20,353.7508883814277,17.687544419071386,180.40045406206468,0.509964667191309,50.99646671913089,Fe-Ti
Fe-V-O,Fe,V,O,V3FeO8_771199_POSCAR,35,global_gradient_fallback,8.9037195114,-0.039976528195834,-0.0331297148510182,-0.0068468133448157,7.061571,15.044216,0.00426578,mp-771199,V3FeO8,Monoclinic,Cm,8,0.064399085208311,-2.2386753125,False,0.390199999999999,False,3.854635217237233,12,145.0318526494726,12.085987720789385,64.27559082530895,0.4431825812820346,44.31825812820346,Fe-V
Fe-V-S,Fe,V,S,V2FeS4_1100962_POSCAR,35,local_max_drop,17.9511630382,-0.20761305460704,-0.1264226229218424,-0.0811904316851975,16.713152,30.331275,0.00804522,mp-1100962,V2FeS4,Triclinic,P1,1,0.086023053214288,-1.084031293214284,False,0.0,True,4.676659479417806,28,406.1824461684222,14.506515934586506,236.14090313424776,0.5813665887381375,58.13665887381375,Fe-V
Fe-Y-O,Fe,Y,O,Y_FeO2_2_1279116_POSCAR,35,global_gradient_fallback,4.3919072373,-0.07552927875904,-0.0658854227801659,-0.009643855978874,3.864878,8.608138,0.01387599,mp-1279116,Y(FeO2)2,Monoclinic,P2_1/m,11,0.013830809196429,-2.431233042857142,False,0.986699999999999,False,4.7812381064653415,14,183.78827853585844,13.127734181132746,105.63224117787048,0.5747496087312274,57.47496087312274,Fe-Y
Fe-Zn-O,Fe,Zn,O,Zn2Fe3O8_1042894_POSCAR,35,global_gradient_fallback,7.43068375,-0.11159143407919,-0.1092812019858782,-0.0023102320933117,6.836229,14.56414,0.01376085,mp-1042894,Zn2Fe3O8,Hexagonal,P6_3mc,186,0.119191161730769,-1.428014313846153,False,0.0,True,4.900908036629028,26,288.9129270647798,11.112035656337683,107.49749270090108,0.3720757454262269,37.20757454262269,Fe-Zn
Fe-Zr-O,Fe,Zr,O,Zr6Fe2O_1215351_POSCAR,35,local_max_drop,8.3706968459,-0.23210193756663,-0.0636089677051886,-0.1684929698614413,7.174883,14.648719,0.00804164,mp-1215351,Zr6Fe2O,Monoclinic,C2/m,12,0.491072086444447,-0.292531787222222,False,0.0,True,6.42125947364254,9,174.56378066030337,19.3959756289226,155.16821231082193,0.8888912220157243,88.88912220157243,Fe-Zr
Fe-Zr-S,Fe,Zr,S,Zr6FeS2_1207526_POSCAR,35,local_max_drop,5.0141226635,-0.7703804259351,-0.2439323348089809,-0.5264480911261191,4.149619,8.472138,0.0547722,mp-1207526,Zr6FeS2,Orthorhombic,Pnnm,58,0.0,-0.904832603611104,True,0.0,True,6.427412883290586,36,689.6144931129033,19.15595814202509,616.1118598960651,0.8934148949146223,89.34148949146223,Fe-Zr
Hf-Mn-O,Hf,Mn,O,HfMnO3_754657_POSCAR,35,local_max_drop,7.034326,-0.15333788199659,-0.0848598848034971,-0.0684779971930928,6.222673,13.256999,0.0116508,mp-754657,HfMnO3,Orthorhombic,Pnma,62,0.053202233500005,-3.171712297586205,False,3.3253,False,7.793032028641508,20,239.86518852023724,11.993259426011862,149.24629340364424,0.6222090596987668,62.22090596987668,Hf-Mn
Hf-Mo-O,Hf,Mo,O,Hf9Mo4O3_1212453_POSCAR,35,local_max_drop,12.5209216655,-0.65408759002173,-0.2240311408054212,-0.4300564492163088,9.930386,21.15604,0.02054407,mp-1212453,Hf9Mo4O3,Hexagonal,P6_3/mmc,194,0.467559968984375,-0.727440152499999,False,0.0,True,12.41167350096145,32,545.366895466164,17.042715483317625,533.7014589882307,0.9786099292514592,97.86099292514592,Hf-Mo
Hf-Mo-S,Hf,Mo,S,Hf8Mo5S_1224623_POSCAR,35,local_max_drop,12.211084404,-0.6498060677186,-0.2343540362725602,-0.4154520314460397,9.684653,20.632522,0.02255735,mp-1224623,Hf8Mo5S,Orthorhombic,Amm2,38,0.077574354285715,-0.266307303593748,False,0.0,True,11.791154045146635,28,546.3286646774594,19.51173802419498,521.8725332670042,0.9552354965213228,95.52354965213227,Hf-Mo
Hf-Ni-O,Hf,Ni,O,HfNiO3_1178219_POSCAR,35,local_max_drop,6.9398589,-0.15620853671407,-0.0878665752120463,-0.0683419615020236,6.406024,13.078965,0.01205903,mp-1178219,HfNiO3,Monoclinic,P2_1/c,14,0.096843288499995,-2.802277456,False,2.7983,False,8.759271576214951,20,216.25322779441063,10.812661389720532,136.19410690133404,0.629789937890833,62.9789937890833,Hf-Ni
Hf-Re-O,Hf,Re,O,Hf9Re4O3_1212448_POSCAR,35,local_max_drop,12.1934616695,-0.56378969790222,-0.2064764020942938,-0.3573132958079261,10.511605,20.602746,0.01823102,mp-1212448,Hf9Re4O3,Hexagonal,P6_3/mmc,194,0.0,-1.326342875625,True,0.0,True,15.322575210681574,32,520.0203474441802,16.25063585763063,526.6873130351552,1.0128205860092632,101.28205860092632,Hf-Re
Hf-Re-S,Hf,Re,S,Hf9Re4S_1192774_POSCAR,35,local_max_drop,12.4110517,-0.54743463511739,-0.2030726653264971,-0.3443619697908929,9.843248,20.970398,0.01811311,mp-1192774,Hf9Re4S,Hexagonal,P6_3/mmc,194,0.001322187257143,-0.470060190178571,False,0.0,True,14.572864728062624,28,543.1420396687929,19.39792998817117,529.159846984495,0.974256839531655,97.4256839531655,Hf-Re
Hf-Sc-O,Hf,Sc,O,Hf3Sc4O12_766090_POSCAR,35,local_max_drop,8.7915735183,-0.26561564250018,-0.1137533184368576,-0.1518623240633223,7.578943,14.854728,0.01424704,mp-766090,Hf3Sc4O12,Triclinic,P-1,2,0.016011020263151,-3.976916652105265,False,4.2033,False,6.850856849199062,38,439.8236967257542,11.57430780857248,328.23424552075284,0.7462859504030285,74.62859504030284,Hf-Sc
Hf-Ti-O,Hf,Ti,O,HfTiO4_753197_POSCAR,35,local_max_drop,6.916693892,-0.13901961603191,-0.0725253160267263,-0.0664943000051836,5.962667,11.686828,0.01188214,mp-753197,HfTiO4,Triclinic,P1,1,0.03829126375,-3.725641982638888,False,2.869999999999999,False,6.989656311448525,24,275.9192354984873,11.496634812436971,177.69449558977263,0.6440090893581315,64.40090893581315,Hf-Ti
Hf-V-S,Hf,V,S,Hf9V4S_17105_POSCAR,35,local_max_drop,12.4401561725,-0.59728339389051,-0.175172202801454,-0.4221111910890559,10.295302,21.019574,0.01421911,mp-17105,Hf9V4S,Hexagonal,P6_3/mmc,194,0.016768643214289,-0.239425270535712,False,0.0,True,11.409114765939169,28,536.2577571361016,19.15206275486077,533.8052488319246,0.9954266240971976,99.54266240971975,Hf-V
Hf-W-O,Hf,W,O,Hf9W4O3_1212452_POSCAR,35,local_max_drop,12.5698171735,-0.5407371240249,-0.203279246223917,-0.337457877800983,10.402607,21.238657,0.01814832,mp-1212452,Hf9W4O3,Hexagonal,P6_3/mmc,194,0.564144185234379,-0.6312512474999981,False,0.0,True,14.342666179084102,32,553.3564553667885,17.29238923021214,553.7829883744799,1.0007708105752715,100.07708105752717,Hf-W
Hf-W-S,Hf,W,S,Hf9W4S_1193767_POSCAR,35,local_max_drop,12.615791874,-0.52007269749974,-0.1988112877165061,-0.3212614097832339,10.440655,21.316338,0.01776056,mp-1193767,Hf9W4S,Hexagonal,P6_3/mmc,194,0.009497080000002,-0.313852411629462,False,0.0,True,13.999422606666323,28,563.1440477398529,20.11228741928046,556.2555223238197,0.9877677382124878,98.77677382124878,Hf-W
Hf-Y-O,Hf,Y,O,Y2HfO5_755537_POSCAR,35,local_max_drop,5.918560903,-0.10973004327463,-0.0385700625277439,-0.071159980746886,5.102208,10.000327,0.00683418,mp-755537,Y2HfO5,Orthorhombic,Cmcm,63,0.001250993281244,-3.977348098750001,False,4.3829,False,5.879186348764755,16,246.459626728309,15.403726670519312,171.86484735322608,0.6973346898016918,69.73346898016918,Hf-Y
Hf-Y-S,Hf,Y,S,Y2HfS5_16919_POSCAR,35,local_max_drop,10.151612408,-0.26160537148098,-0.147433334574486,-0.1141720369064939,8.701382,17.765322,0.01674064,mp-16919,Y2HfS5,Orthorhombic,Pnma,62,0.008994699375001,-2.157783095507815,False,1.2263,False,5.310270847956441,32,646.2034368953342,20.193857402979194,416.6254513484637,0.6447280029182895,64.47280029182895,Hf-Y
Hf-Zr-O,Hf,Zr,O,HfZrO4_781634_POSCAR,35,local_max_drop,9.1554231663,-0.16990706820105,-0.0797966512675919,-0.090110416933458,7.892606,15.469508,0.01008276,mp-781634,HfZrO4,Monoclinic,Cm,8,0.057045140416665,-3.8596692575,False,3.9488,False,8.167186145447769,24,271.39880927765705,11.308283719902375,198.86254688966065,0.7327318326080512,73.27318326080513,Hf-Zr
Hg-Mn-O,Hg,Mn,O,Mn2HgO4_1176488_POSCAR,35,global_gradient_fallback,7.6258861196,-0.086506777626753,-0.0696784116526119,-0.016828365974141,6.745976,14.371862,0.00923856,mp-1176488,Mn2HgO4,Tetragonal,I4_1/amd,141,0.008577295624999,-1.611381873337439,False,0.5427999999999991,False,7.228237885679817,14,172.05067034228932,12.289333595877808,73.90022853311936,0.4295259552671153,42.95259552671153,Hg-Mn
Hg-Y-O,Hg,Y,O,Y2HgO4_756103_POSCAR,35,local_max_drop,5.1175060996,-0.11289127168394,-0.0512149519452911,-0.0616763197386488,4.411643,8.646821,0.0122058,mp-756103,Y2HgO4,Monoclinic,C2/m,12,0.000506137321429,-3.005133088214286,False,2.1403,False,7.0625547238901,14,208.03274463141145,14.859481759386531,143.82589834768575,0.6913618267283538,69.13618267283537,Hg-Y
Ir-Nb-S,Ir,Nb,S,Nb9IrS20_1173506_POSCAR,35,local_max_drop,9.7751312408,-0.21315471319208,-0.1250589527907472,-0.0880957604013328,8.426837,16.516601,0.01554355,mp-1173506,Nb9IrS20,Triclinic,P-1,2,0.043123239083173,-1.244088031666665,False,0.0,True,4.303069722124107,30,644.3213289185404,21.47737763061801,275.0117410725199,0.4268238978431968,42.68238978431968,Ir-Nb
Ir-Y-O,Ir,Y,O,Y2Ir2O7_1191749_POSCAR,35,local_max_drop,8.7323743454,-0.1646025811373,-0.0988319948989086,-0.0657705862383914,7.796763,15.281655,0.01307945,mp-1191749,Y2Ir2O7,Cubic,Fd-3m,227,0.0,-2.499477690909091,True,0.0,True,8.47595296531023,22,264.18371028158674,12.008350467344853,178.75171272713902,0.6766189805443041,67.66189805443041,Ir-Y
Mn-Nb-O,Mn,Nb,O,Mn3NbO8_1176463_POSCAR,35,global_gradient_fallback,7.6660758963,-0.096080503758316,-0.0935652835118136,-0.0025152202465023,7.076378,14.447605,0.01164143,mp-1176463,Mn3NbO8,Monoclinic,Cc,9,0.076101791701377,-2.139855806566091,False,0.5273999999999991,False,4.4844221655796055,24,285.6537538565847,11.902239744024362,123.71817226749629,0.4331053612885837,43.31053612885837,Mn-Nb
Mn-Nb-S,Mn,Nb,S,Mn_NbS2_3_10199_POSCAR,35,local_max_drop,8.4717913295,-0.1767561088657,-0.1020900444559393,-0.0746660644097606,7.303268,14.314406,0.01478765,mp-10199,Mn(NbS2)3,Hexagonal,P6_322,182,0.0,-1.365315652793101,True,0.0,True,4.703169695366635,20,371.4609332042216,18.57304666021108,191.54668237813425,0.5156576782539493,51.56576782539493,Mn-Nb
Mn-Ni-O,Mn,Ni,O,MnNiO2_752562_POSCAR,35,global_gradient_fallback,3.7133244,-0.049457504341574,-0.0355583371458456,-0.0138991671957283,2.47555,7.581371,0.00848031,mp-752562,MnNiO2,Tetragonal,P4/mmm,123,0.095897183749999,-1.529430349482758,False,0.0,True,5.773643577767428,4,41.8842465496526,10.47106163741315,21.644463353829405,0.5167685976676338,51.676859766763386,Mn-Ni
Mn-Re-O,Mn,Re,O,Mn3ReO6_1105243_POSCAR,35,local_max_drop,6.6985165485,-0.18517642887243,-0.089542822668158,-0.095633606204272,5.090873,13.129092,0.01224471,mp-1105243,Mn3ReO6,Monoclinic,P2_1/c,14,0.081111401535714,-2.005031953129311,False,0.0,True,6.487278871491619,20,228.8448190796388,11.44224095398194,110.7916913592316,0.4841345843214204,48.41345843214204,Mn-Re
Mn-Rh-O,Mn,Rh,O,Mn_RhO2_2_554354_POSCAR,35,local_max_drop,6.8602349461,-0.14797864117024,-0.0852404588987546,-0.0627381822714853,6.068669,12.928904,0.01261637,mp-554354,Mn(RhO2)2,Cubic,Fd-3m,227,0.002795169761906,-1.377220136133004,False,0.9305,False,6.74114306428113,14,159.98903622608668,11.427788301863334,80.10792346322827,0.5007088320103678,50.07088320103678,Mn-Rh
Mn-Sc-O,Mn,Sc,O,ScMn2O4_1219298_POSCAR,35,global_gradient_fallback,7.5150535125,-0.080470658109697,-0.0619355840175668,-0.0185350740921301,6.913849,14.729505,0.00733377,mp-1219298,ScMn2O4,Orthorhombic,Imma,74,0.038378947053589,-2.69459729726601,False,0.0,True,4.238998721822866,14,171.44383696399262,12.2459883545709,95.79111422590611,0.5587317451721789,55.87317451721789,Mn-Sc
Mn-Sc-S,Mn,Sc,S,Sc10Mn17S32_685820_POSCAR,35,local_max_drop,10.1948840167,-0.42968238202513,-0.261379028413732,-0.1683033536113979,8.738472,17.841047,0.02931779,mp-685820,Sc10Mn17S32,Triclinic,P1,1,0.082278810677976,-1.509659401376386,False,0.0,True,3.5295483313716423,59,1133.6327257957182,19.2141139965376,552.206214644062,0.4871120973121678,48.71120973121678,Mn-Sc
Mn-Ta-O,Mn,Ta,O,Ta2Mn2O7_755851_POSCAR,35,global_gradient_fallback,6.9825826983,-0.12546306324248,-0.1165008229548687,-0.0089622402876112,6.665193,15.552116,0.0123018,mp-755851,Ta2Mn2O7,Cubic,Fd-3m,227,0.079147723636374,-2.828615295502611,False,2.155799999999999,False,6.962349202846095,22,278.46031849131083,12.657287204150492,144.17572935042867,0.517760412440696,51.7760412440696,Mn-Ta
Mn-Tc-O,Mn,Tc,O,Mn2TcO4_34263_POSCAR,35,local_max_drop,6.7952084734,-0.17167903448387,-0.0897492362195492,-0.0819297982643207,4.89255,13.318609,0.01249769,mp-34263,Mn2TcO4,Orthorhombic,Imma,74,0.130935307499999,-1.8376894301231528,False,0.0,True,5.182082481826367,14,174.23762924545,12.44554494610357,81.24363852903242,0.4662806701449308,46.62806701449309,Mn-Tc
Mn-Ti-O,Mn,Ti,O,TiMnO3_697089_POSCAR,35,global_gradient_fallback,7.9090241383,-0.052296624831348,-0.0462232177321633,-0.0060734070991846,6.496698,13.840792,0.00608699,mp-697089,TiMnO3,Triclinic,P-1,2,0.863277614000001,-2.091326442252873,False,0.0,True,5.06263302412878,10,98.92665669364476,9.892665669364478,64.03912105187815,0.6473393844714065,64.73393844714064,Mn-Ti
Mn-V-O,Mn,V,O,MnV3O8_756087_POSCAR,35,global_gradient_fallback,8.7995208436,-0.042912380511041,-0.0334682430542892,-0.0094441374567517,6.97893,14.868156,0.00430603,mp-756087,MnV3O8,Monoclinic,Cm,8,0.068067358749999,-2.3127409456609183,False,0.0,True,3.8279554407329552,12,145.64925372341273,12.137437810284396,65.89100195657504,0.4523950536794494,45.239505367944936,Mn-V
Mn-W-O,Mn,W,O,Mn3WO6_19158_POSCAR,35,local_max_drop,7.7198505067,-0.16460227738164,-0.0939486043302932,-0.0706536730513467,7.102262,15.130907,0.01116636,mp-19158,Mn3WO6,Trigonal,R-3,148,0.008992960499996,-2.133976629879308,False,1.8192,False,6.292047018401381,20,234.69614316221765,11.734807158110884,117.56561019406274,0.5009268947074412,50.09268947074412,Mn-W
Mn-Y-O,Mn,Y,O,YMnO3_1434307_POSCAR,35,global_gradient_fallback,5.0339315,-0.048220054554997,-0.0324422074078647,-0.0157778471471322,4.646706,9.487025,0.00647443,mp-1434307,YMnO3,Cubic,Pm-3m,221,0.325051983333333,-2.702431268586208,False,0.0,True,5.486572953630488,5,58.06198077710698,11.612396155421395,43.593187861763866,0.7508043521476285,75.08043521476286,Mn-Y
Mn-Y-S,Mn,Y,S,Y_MnS2_2_1045492_POSCAR,35,global_gradient_fallback,8.1438484366,-0.076373232317106,-0.0726868367749598,-0.0036863955421461,7.492341,15.961943,0.00824398,mp-1045492,Y(MnS2)2,Monoclinic,C2/m,12,0.042000259642842,-1.468992667173655,False,0.0,True,3.681848980328758,14,294.9963021407044,21.071164438621743,141.25218835973934,0.4788269796424982,47.88269796424983,Mn-Y
Mn-Zn-O,Mn,Zn,O,Mn4ZnO8_1392820_POSCAR,35,global_gradient_fallback,7.0414404777,-0.086564462614833,-0.0746105502693186,-0.0119539123455143,4.172705,12.77891,0.0116428,mp-1392820,Mn4ZnO8,Trigonal,R-3m,166,0.088986821025639,-1.8195857901326271,False,0.0387,False,4.413158991606063,13,155.45832603918754,11.958332772245196,62.23826798945596,0.400353391003111,40.0353391003111,Mn-Zn
Mn-Zr-O,Mn,Zr,O,Zr4MnO9_763464_POSCAR,35,local_max_drop,9.0916127942,-0.40895068404808,-0.2329092564921081,-0.1760414275559718,8.778109,15.361691,0.03145961,mp-763464,Zr4MnO9,Triclinic,P1,1,0.04813884285714,-3.51104348520936,False,2.9462,False,5.429641652255753,56,689.7394353036311,12.316775630421985,447.54011373813535,0.6488538871800524,64.88538871800525,Mn-Zr
Mo-Ni-O,Mo,Ni,O,NiMoO3_977100_POSCAR,35,global_gradient_fallback,4.1240199,-0.065142301739563,-0.0543347179495049,-0.010807583790058,3.14211,9.622713,0.00944278,mp-977100,NiMoO3,Cubic,Pm-3m,221,0.936292619999999,-0.763874613,False,0.0,True,5.553437794465942,5,60.589080202351056,12.117816040470212,26.89779689005042,0.4439380297607934,44.393802976079336,Mo-Ni
Mo-Ti-O,Mo,Ti,O,TiMoO4_1216722_POSCAR,35,global_gradient_fallback,6.59347367,-0.031874783079434,-0.0278142730296823,-0.0040605100497516,5.651549,11.538579,0.00491479,mp-1216722,TiMoO4,Orthorhombic,Cmmm,65,0.053833767916666,-2.710971552222222,False,0.0,True,5.022528293809477,6,68.70397465807999,11.45066244301333,37.27289406216008,0.5425143777729979,54.25143777729979,Mo-Ti
Mo-V-O,Mo,V,O,V3MoO6_1216518_POSCAR,35,global_gradient_fallback,6.257870442,-0.075420138509689,-0.0493663358227274,-0.0260538026869615,5.562552,11.356876,0.00832563,mp-1216518,V3MoO6,Trigonal,R3,146,0.026905756312496,-2.328854931000001,False,1.0915,False,5.070675314896277,10,112.90191308917768,11.290191308917768,67.53155420665026,0.5981435775433601,59.814357754336015,Mo-V
Mo-V-S,Mo,V,S,V_MoS2_2_1192730_POSCAR,35,local_max_drop,8.938271887,-0.23703109858094,-0.1653802795289041,-0.0716508190520358,8.619048,15.641976,0.02125827,mp-1192730,V(MoS2)2,Monoclinic,C2/c,15,0.097903912500001,-1.041661281785714,False,0.0,True,5.386953192859946,28,457.5464501630861,16.340944648681646,259.983212142158,0.5682116253977942,56.82116253977942,Mo-V
Mo-Y-O,Mo,Y,O,Y6MoO12_1208998_POSCAR,35,local_max_drop,14.828368017,-0.11110020642295,-0.0493047287866665,-0.0617954776362834,12.783076,25.054829,0.00382832,mp-1208998,Y6MoO12,Triclinic,P-1,2,0.216838964605258,-3.358046277368421,False,2.414,False,3.749818643425961,19,363.7278535774789,19.143571240919943,202.13516490085613,0.5557318828149592,55.57318828149592,Mo-Y
Mo-Zn-O,Mo,Zn,O,Zn_Mo4O5_2_29325_POSCAR,35,local_max_drop,8.4079442352,-0.31733512547867,-0.2236524841740355,-0.0936826413046344,7.785134,15.258862,0.0296213,mp-29325,Zn(Mo4O5)2,Tetragonal,I4_1md,109,0.499143159605262,-1.125740696578948,False,0.0,True,6.27048154916779,38,525.8886158172166,13.83917410045307,284.07470390177053,0.5401803639737022,54.01803639737022,Mo-Zn
Mo-Zr-O,Mo,Zr,O,Zr9Mo4O3_1207427_POSCAR,35,local_max_drop,12.219475044,-0.83435683824745,-0.311182254395776,-0.5231745838516739,10.473836,21.384081,0.02867823,mp-1207427,Zr9Mo4O3,Hexagonal,P6_3/mmc,194,0.475318632968747,-0.713338585,False,0.0,True,7.374194075577027,32,564.2055193890969,17.63142248090928,533.7014589882307,0.9459344877839992,94.59344877839992,Mo-Zr
Mo-Zr-S,Mo,Zr,S,Zr9Mo4S_1207420_POSCAR,35,local_max_drop,12.268524156,-0.86321771793896,-0.2681662140655645,-0.5950515038733954,10.077716,21.469917,0.02413065,mp-1207420,Zr9Mo4S,Hexagonal,P6_3/mmc,194,0.025266055982143,-0.309810977321428,False,0.0,True,7.136657010176484,28,575.5699893411244,20.556071047897294,536.1739929375705,0.9315530741124084,93.15530741124084,Mo-Zr
Nb-Ni-O,Nb,Ni,O,Nb2Ni4O9_646749_POSCAR,35,local_max_drop,6.40316625,-0.53524764735495,-0.3786581357039427,-0.1565895116510073,5.890913,12.550206,0.05521477,mp-646749,Nb2Ni4O9,Orthorhombic,Pbcn,60,0.006433360500005,-2.076364263500001,False,2.535599999999999,False,5.732655746183038,60,654.1531756640027,10.902552927733378,318.9486945688099,0.4875749387672984,48.75749387672984,Nb-Ni
Nb-Ni-S,Nb,Ni,S,Nb3NiS6_1173526_POSCAR,35,local_max_drop,8.4383122795,-0.19313552992692,-0.1098679849260266,-0.0832675450008933,7.274407,14.257838,0.01606665,mp-1173526,Nb3NiS6,Hexagonal,P6_322,182,0.0,-1.281268931499998,True,0.0,True,5.009575797758172,20,351.23046346243416,17.561523173121707,185.0205891269791,0.5267783076190029,52.67783076190029,Nb-Ni
Nb-Pt-O,Nb,Pt,O,Nb5Pt3O_17525_POSCAR,35,local_max_drop,12.09073821,-0.34840545306623,-0.1660184500839031,-0.1823870029823268,9.672591,19.748206,0.01817371,mp-17525,Nb5Pt3O,Hexagonal,P6_3/mcm,193,0.021865657129628,-0.911368884444444,False,0.0,True,12.387078619029332,18,285.74530943729764,15.8747394131832,250.3940157882704,0.876283905696851,87.6283905696851,Nb-Pt
Nb-Re-O,Nb,Re,O,Nb4ReO4_795582_POSCAR,35,local_max_drop,7.3177342969,-0.26788851609206,-0.1149906810161535,-0.1528978350759064,6.308392,12.364448,0.01871261,mp-795582,Nb4ReO4,Triclinic,P-1,2,0.5512418899074071,-1.482234493055555,False,0.0,True,8.767533716333038,18,235.54473611462603,13.08581867303478,186.28983444693145,0.7908893975719115,79.08893975719114,Nb-Re
Nb-Sc-O,Nb,Sc,O,Sc3NbO7_1173397_POSCAR,35,local_max_drop,7.5515855,-0.15433322172669,-0.0715428646411148,-0.0827903570855751,7.030786,12.759576,0.01091651,mp-1173397,Sc3NbO7,Monoclinic,P2/c,13,0.102306958522733,-3.592350681818181,False,2.622,False,4.280700555553668,22,263.60228272641154,11.981921942109617,177.2898417008294,0.672565654087433,67.2565654087433,Nb-Sc
Nb-Ti-O,Nb,Ti,O,TiNb2O7_1216971_POSCAR,35,local_max_drop,13.5850471501,-0.12426015824648,-0.0681367742920398,-0.0561233839544401,12.679377,22.18891,0.0058271,mp-1216971,TiNb2O7,Monoclinic,Cm,8,0.009542900702271,-3.16681742716667,False,1.931599999999999,False,4.202922888657227,30,409.720416190496,13.657347206349868,187.6204371658034,0.457923085479272,45.7923085479272,Nb-Ti
Nb-Ti-S,Nb,Ti,S,Ti_NbS2_3_1188929_POSCAR,35,local_max_drop,8.4285657709,-0.18622882265766,-0.1004810162957431,-0.0857478063619168,7.266005,14.24137,0.014384,mp-1188929,Ti(NbS2)3,Hexagonal,P6_322,182,0.0,-1.5402164203333322,True,0.0,True,4.697962706612149,20,366.8739876550927,18.34369938275464,203.3622626137679,0.5543109336085005,55.43109336085005,Nb-Ti
Nb-V-O,Nb,V,O,NbVO4_756605_POSCAR,35,global_gradient_fallback,6.3781146943,-0.073276553362494,-0.0562606588852197,-0.0170158944772742,5.466955,11.161701,0.0101308,mp-756605,NbVO4,Tetragonal,I4_1/a,88,0.076912839925551,-2.749101775833333,False,0.0,True,5.396796867737191,12,127.90384656244434,10.658653880203696,76.59207078242123,0.598825389860562,59.8825389860562,Nb-V
Nb-V-S,Nb,V,S,Nb5V3S20_1220583_POSCAR,35,local_max_drop,12.6287164716,-0.1699157549044,-0.1086852299867068,-0.0612305249176932,11.757771,21.338176,0.01044823,mp-1220583,Nb5V3S20,Monoclinic,Cm,8,0.013860526194195,-1.1819580210714271,False,0.0,True,3.69391694583044,28,565.8080983259161,20.207432083068436,234.37098428748783,0.4142234531123408,41.42234531123408,Nb-V
Nb-Y-O,Nb,Y,O,Y3NbO7_676261_POSCAR,35,local_max_drop,11.9086782964,-0.20420851876548,-0.0824188064934795,-0.1217897122720004,10.266102,20.12156,0.00828104,mp-676261,Y3NbO7,Monoclinic,Cm,8,0.246950681250007,-3.483086835454544,False,2.2167,False,5.245980787321197,22,298.568759180232,13.571307235465092,226.1981561319153,0.7576082532980956,75.76082532980955,Nb-Y
Nb-Zn-S,Nb,Zn,S,Nb6ZnS8_1220442_POSCAR,35,local_max_drop,14.034949069,-0.1591320906176,-0.0859909591353856,-0.0731411314822143,12.099094,23.714224,0.00748955,mp-1220442,Nb6ZnS8,Trigonal,P-3,147,0.062612726282052,-1.235723551333332,False,0.0,True,5.31071539578605,15,274.9580075181401,18.330533834542678,157.2577065286754,0.571933539772616,57.1933539772616,Nb-Zn
Nb-Zr-O,Nb,Zr,O,ZrNbO4_756426_POSCAR,35,global_gradient_fallback,8.2751553309,-0.068765589526293,-0.0583628160934196,-0.0104027734328733,7.09299,14.481522,0.00813537,mp-756426,ZrNbO4,Monoclinic,C2/c,15,0.102051240416667,-3.253571734166666,False,0.0,True,5.859582313450328,12,140.63330165551437,11.719441804626198,91.48571647939887,0.6505266917752951,65.05266917752951,Nb-Zr
Ni-Pt-O,Ni,Pt,O,NiPtO3_1186112_POSCAR,35,global_gradient_fallback,3.95444,-0.07373638258922,-0.06233347564779,-0.0114029069414299,3.163552,9.688378,0.01055918,mp-1186112,NiPtO3,Cubic,Pm-3m,221,1.242403566999998,0.199207573,False,0.0,True,8.10360470965608,5,61.83793399368838,12.367586798737676,22.135946674927613,0.3579671125039036,35.79671125039036,Ni-Pt
Ni-Rh-O,Ni,Rh,O,Ni_RhO2_2_19307_POSCAR,35,local_max_drop,6.8862304982,-0.14408050026049,-0.0824282050200604,-0.0616522952404295,6.091665,12.977896,0.01218614,mp-19307,Ni(RhO2)2,Cubic,Fd-3m,227,0.177802259642857,-0.953835865714285,False,0.0,True,6.831109425787599,14,159.7077051026974,11.407693221621242,73.58183021207311,0.4607281168103789,46.0728116810379,Ni-Rh
Ni-Ta-S,Ni,Ta,S,Ta2Ni3S8_562537_POSCAR,35,local_max_drop,4.8260486735,-0.16698261899272,-0.1024674966279392,-0.0645151223647807,4.326802,8.154358,0.02470669,mp-562537,Ta2Ni3S8,Orthorhombic,Pbam,55,0.0,-1.044846476512819,True,0.5263999999999991,False,5.41565829197161,26,487.2137452954304,18.7389902036704,207.82156488997936,0.4265511121078146,42.65511121078146,Ni-Ta
Ni-Ti-O,Ni,Ti,O,TiNiO3_690546_POSCAR,35,local_max_drop,7.2684663272,-0.22399374749633,-0.1430458276888409,-0.080947919807489,7.01783,12.281202,0.02389482,mp-690546,TiNiO3,Triclinic,P1,1,0.018407698333332,-2.578309968333334,False,2.2715,False,5.123835266835122,30,300.53728884313404,10.017909628104468,172.53908340216887,0.5741020825280219,57.410208252802185,Ni-Ti
Ni-Ti-S,Ni,Ti,S,Ti3NiS6_13994_POSCAR,35,local_max_drop,8.254756006,-0.15679272675445,-0.0942977343363093,-0.0624949924181406,7.959943,14.445823,0.01263724,mp-13994,Ti3NiS6,Trigonal,P-31c,163,0.000151965499998,-1.493799035999995,False,0.0,True,3.823564633024203,20,342.8156329713109,17.140781648565543,177.10518307344168,0.5166193313251354,51.66193313251354,Ni-Ti
Ni-V-O,Ni,V,O,V2NiO6_1100939_POSCAR,35,local_max_drop,7.5619748704,-0.2922562944658,-0.1914207421891416,-0.1008355522766583,7.074106,11.952799,0.03303232,mp-1100939,V2NiO6,Triclinic,P1,1,0.053077247098766,-2.062145547901234,False,1.616299999999999,False,4.189994427378709,81,915.1426060443551,11.298056864745126,406.9526383645079,0.4446876756438369,44.4687675643837,Ni-V
Ni-Y-O,Ni,Y,O,Y_NiO2_2_1045534_POSCAR,35,global_gradient_fallback,6.6335458853,-0.065867321311506,-0.0647594785357193,-0.0011078427757866,6.357148,13.54349,0.00807089,mp-1045534,Y(NiO2)2,Orthorhombic,Imma,74,0.234329977767854,-1.875154357857142,False,0.0,True,5.220019532886069,14,171.96392315740687,12.283137368386203,99.04169920062448,0.5759446364221804,57.59446364221804,Ni-Y
Ni-Zn-O,Ni,Zn,O,Zn_NiO2_4_1048812_POSCAR,35,global_gradient_fallback,6.6255403851,-0.063088105477609,-0.0515271555559308,-0.0115609499216781,6.360519,12.986059,0.00690962,mp-1048812,Zn(NiO2)4,Monoclinic,Cm,8,0.19841769205128,-0.839796146923076,False,0.0,True,5.180257130290529,13,137.2530254092931,10.557925031484084,49.186081487145664,0.3583606360622735,35.83606360622736,Ni-Zn
Ni-Zr-O,Ni,Zr,O,ZrNi4O_1206021_POSCAR,35,local_max_drop,5.7012045264,-0.11743781921812,-0.0416001913891996,-0.0758376278289203,5.090361,9.977108,0.00690034,mp-1206021,ZrNi4O,Cubic,F-43m,216,2.201316125416666,1.0876719125,False,0.0,True,7.724360438594108,6,73.52056972898372,12.253428288163953,55.599349674134906,0.7562420949550422,75.62420949550422,Ni-Zr
Pd-Rh-S,Pd,Rh,S,Pd2_RhS_15_1202732_POSCAR,35,local_max_drop,13.593717783,-0.7081355142747,-0.4619271892474979,-0.246208325027202,12.083305,24.67008,0.03675523,mp-1202732,Pd2(RhS)15,Cubic,Pm-3m,221,0.031831381317932,-0.497997733949418,False,0.0,True,7.277945498412295,64,1020.97108506066,15.952673204072813,550.2808079049006,0.5389778574113157,53.89778574113157,Pd-Rh
Pd-Ta-S,Pd,Ta,S,Ta20Pd9S50_1217846_POSCAR,35,local_max_drop,14.7633281567,-0.50940864615345,-0.3759295025191818,-0.1334791436342682,12.727007,24.944934,0.03166848,mp-1217846,Ta20Pd9S50,Monoclinic,C2/m,12,0.0,-1.208802236223626,True,0.0,True,6.673649260592644,79,1537.7060491933437,19.46463353409296,755.2883896119965,0.4911786553796864,49.11786553796865,Pd-Ta
Pd-Ti-O,Pd,Ti,O,Ti3PdO_760414_POSCAR,35,local_max_drop,7.947205009,-0.32155569803429,-0.1038637858692424,-0.2176919121650476,7.095719,13.907609,0.01439507,mp-760414,Ti3PdO,Tetragonal,I4/mcm,140,0.0,-1.454954431000001,True,0.0,True,6.433494068897923,10,137.32421651927154,13.732421651927154,127.85121805223734,0.9310172764342348,93.10172764342347,Pd-Ti
Pd-Y-O,Pd,Y,O,Y_PdO2_2_15053_POSCAR,35,local_max_drop,6.6867492426,-0.16281212758491,-0.1010058143613834,-0.0618063132235266,6.429567,12.60195,0.01554006,mp-15053,Y(PdO2)2,Tetragonal,I4_1/a,88,0.0,-1.9768296099999991,True,0.0,True,7.352770236704027,14,165.1979506486628,11.799853617761627,112.09388570293476,0.6785428345980641,67.85428345980641,Pd-Y
Pd-Zn-O,Pd,Zn,O,Zn2PdO4_22257_POSCAR,35,global_gradient_fallback,6.6523211817,-0.1168255873974,-0.1153718050608127,-0.0014537823365872,5.321857,13.03855,0.01718268,mp-22257,Zn2PdO4,Cubic,Fd-3m,227,0.277991427142858,-1.057176666428571,False,0.0,True,6.096810445379641,14,164.0902194880345,11.720729963431037,62.55789781482239,0.3812408686514318,38.124086865143184,Pd-Zn
Pd-Zr-O,Pd,Zr,O,Zr4Pd2O_22479_POSCAR,35,local_max_drop,10.7236102353,-0.92697101766846,-0.311746522439837,-0.615224495228623,9.191666,18.766318,0.03330229,mp-22479,Zr4Pd2O,Cubic,Fd-3m,227,0.0,-1.253313301785715,True,0.0,True,8.06030520567639,28,489.2722060045035,17.474007357303698,454.0017582632,0.927912423169652,92.7912423169652,Pd-Zr
Re-Sc-O,Re,Sc,O,Sc6ReO12_987399_POSCAR,35,global_gradient_fallback,7.5517568,-0.081078800948807,-0.0567975164335007,-0.0242812845153062,6.203229,13.215574,0.00828299,mp-987399,Sc6ReO12,Triclinic,P-1,2,1.030354375592104,-2.552221710131579,False,0.056499999999999,False,3.957857713250384,19,271.84449497317377,14.307604998588094,152.35008222563582,0.5604310002329459,56.04310002329459,Re-Sc
Re-Y-O,Re,Y,O,Y5_ReO6_2_675733_POSCAR,35,local_max_drop,9.4818489563,-0.14709458637661,-0.0630110984780262,-0.0840834878985837,8.174008,16.021055,0.00763276,mp-675733,Y5(ReO6)2,Monoclinic,C2/m,12,0.0,-3.317054344999999,True,0.0,True,6.712916999537576,19,249.575218537238,13.135537817749366,186.94928406645136,0.7490699002976432,74.90699002976432,Re-Y
Re-Zr-O,Re,Zr,O,Zr9Re4O3_1207437_POSCAR,35,local_max_drop,12.3419067825,-0.68711996938784,-0.2199253971462915,-0.4671945722415485,10.639575,20.853567,0.01944855,mp-1207437,Zr9Re4O3,Hexagonal,P6_3/mmc,194,0.0,-1.298734767500001,True,0.0,True,9.927849401503126,32,539.8647604359022,16.870773763621944,526.6873130351552,0.9755912066012472,97.55912066012472,Re-Zr
Rh-Sc-O,Rh,Sc,O,ScRhO3_1188449_POSCAR,35,local_max_drop,7.1719592,-0.22146456236507,-0.1167991401943853,-0.1046654221706847,6.659676,12.550929,0.019113,mp-1188449,ScRhO3,Orthorhombic,Pnma,62,0.051140098124998,-2.481755849999999,False,1.049699999999999,False,6.049931768142321,20,215.03220185571337,10.751610092785668,144.7440811605749,0.6731274660792349,67.31274660792349,Rh-Sc
Rh-Y-O,Rh,Y,O,YRhO3_1207629_POSCAR,35,local_max_drop,7.5788272155,-0.23303849512392,-0.1063650775878936,-0.1266734175360264,6.272133,12.805605,0.01743082,mp-1207629,YRhO3,Orthorhombic,Pnma,62,0.0,-2.547069844999999,True,9.999999999976698e-05,False,6.981031070639306,20,228.16866006717177,11.408433003358589,177.34962411463215,0.777274249944849,77.72742499448489,Rh-Y
Ru-Y-O,Ru,Y,O,Y2Ru2O7_20643_POSCAR,35,local_max_drop,8.7978768922,-0.18183185298611,-0.1016337362914522,-0.0801981166946577,7.855247,15.396285,0.0134981,mp-20643,Y2Ru2O7,Cubic,Fd-3m,227,0.030400234886359,-2.561902583636363,False,0.0,True,6.047212212318132,22,270.173433453385,12.2806106115175,183.9276332315854,0.6807761624842354,68.07761624842354,Ru-Y
Sc-Ta-O,Sc,Ta,O,Sc3TaO7_674341_POSCAR,35,local_max_drop,11.2360693285,-0.15655440797967,-0.068725796020238,-0.087828611959432,10.461168,18.985083,0.00696588,mp-674341,Sc3TaO7,Orthorhombic,Cmme,67,0.184401669431817,-3.611415811575756,False,2.6639,False,5.658501550073514,22,251.09035044374468,11.41319774744294,181.4958562109379,0.7228308690086478,72.28308690086477,Sc-Ta
Sc-Ti-O,Sc,Ti,O,ScTiO3_1101375_POSCAR,35,local_max_drop,6.7354884374,-0.089888646345503,-0.031362676647416,-0.0585259696980869,6.270972,11.380653,0.00497356,mp-1101375,ScTiO3,Trigonal,R-3,148,0.069202007875,-3.566884129666666,False,0.0,True,4.121270147889125,10,113.4790729440171,11.347907294401711,82.69918448213282,0.7287615446323835,72.87615446323835,Sc-Ti
Sc-V-O,Sc,V,O,Sc2V2O7_756234_POSCAR,35,local_max_drop,8.7106893199,-0.16441218932916,-0.0693784075455876,-0.0950337817835723,7.809584,14.718061,0.00898527,mp-756234,Sc2V2O7,Cubic,Fd-3m,227,0.074910774431813,-3.104950340454545,False,1.2824,False,4.274627152365549,22,236.02348526608924,10.728340239367691,159.18764972762867,0.6744568217360359,67.4456821736036,Sc-V
Sc-Y-O,Sc,Y,O,YScO3_768479_POSCAR,35,local_max_drop,5.2063553115,-0.088719426961638,-0.0312666177990554,-0.0574528091625825,4.488237,8.796945,0.00681466,mp-768479,YScO3,Hexagonal,P6_3/mmc,194,0.030876317749997,-3.930425964,False,3.2044,False,4.346959576160271,10,138.94105381985017,13.894105381985018,105.8464391537824,0.7618082362540738,76.18082362540738,Sc-Y
Sc-Y-S,Sc,Y,S,YScS3_7792_POSCAR,35,local_max_drop,8.941633204,-0.15381192902546,-0.0836382801619009,-0.0701736488635591,7.664257,15.647858,0.01066608,mp-7792,YScS3,Orthorhombic,Pnma,62,0.001807512000002,-2.275333159687498,False,1.7758,False,3.582017480182794,20,426.5956187539359,21.329780937696796,255.43033229277157,0.5987645467125766,59.87645467125766,Sc-Y
Sc-Zr-O,Sc,Zr,O,Zr9ScO20_674976_POSCAR,35,local_max_drop,8.9594680829,-0.22980242138902,-0.1073833391841255,-0.1224190822048944,8.341574,15.138412,0.01418731,mp-674976,Zr9ScO20,Triclinic,P1,1,0.067817157729161,-3.695166541833335,False,0.0,True,5.668891465250135,30,347.392920845739,11.5797640281913,246.70841238441423,0.7101710990074146,71.01710990074146,Sc-Zr
Ta-Y-O,Ta,Y,O,YTa3O9_850669_POSCAR,35,local_max_drop,9.3956694,-0.24476574446334,-0.1600461197229541,-0.0847196247403858,8.099715,15.875441,0.02000029,mp-850669,YTa3O9,Orthorhombic,Pnma,62,0.029840900576932,-3.483537554961539,False,2.8922,False,8.232337152323275,52,625.8992280293245,12.036523615948548,405.2313388056551,0.6474386301474544,64.74386301474544,Ta-Y
Ta-Zn-O,Ta,Zn,O,Ta5Zn7O18_1208429_POSCAR,35,local_max_drop,11.0384095845,-0.33187002356875,-0.2633467275141318,-0.0685232960546182,10.596873,21.635283,0.02211209,mp-1208429,Ta5Zn7O18,Monoclinic,C2/c,15,0.146548623861107,-2.465152305222224,False,0.0,True,7.412807407689485,60,739.496302901747,12.324938381695782,355.63552661583816,0.4809158953470652,48.09158953470652,Ta-Zn
Ti-V-O,Ti,V,O,TiVO3_1216763_POSCAR,35,local_max_drop,6.3334166101,-0.088170129133215,-0.0338778821070021,-0.0542922470262128,5.678236,10.70129,0.00569642,mp-1216763,TiVO3,Trigonal,R3c,161,0.0,-3.029616557666668,True,0.0,True,4.6937662299986105,10,103.87320070201714,10.387320070201714,71.54508124047821,0.6887732423468959,68.87732423468958,Ti-V
Ti-V-S,Ti,V,S,TiVS2_1216761_POSCAR,35,local_max_drop,4.8112624,-0.090134683444239,-0.0372965503862243,-0.0528381330580146,4.479451,8.129374,0.00834676,mp-1216761,TiVS2,Orthorhombic,Pmc2_1,26,0.070929045937498,-1.405375185833332,False,0.0,True,4.669734593474574,8,115.8805663522244,14.485070794028047,83.71571171144997,0.7224309851661594,72.24309851661594,Ti-V
Ti-W-O,Ti,W,O,Ti7_WO5_6_851115_POSCAR,35,local_max_drop,7.5921778585,-0.15136909560329,-0.0905297677522873,-0.0608393278510026,7.330379,12.828163,0.01280151,mp-851115,Ti7(WO5)6,Trigonal,P3,143,0.074370182848836,-2.738256174031008,False,0.0,True,5.717598186243874,43,557.0634619101605,12.95496423046885,263.08135866374363,0.4722646101426979,47.2264610142698,Ti-W
Ti-Y-O,Ti,Y,O,YTiO3_1443298_POSCAR,35,local_max_drop,5.1068422175,-0.094752296236224,-0.0341404144820534,-0.0606118817541705,4.40245,8.628802,0.00755708,mp-1443298,YTiO3,Hexagonal,P6_3/mmc,194,0.07797280824999,-3.582761353666667,False,0.0,True,4.716708575643251,10,130.09900553526666,13.009900553526666,99.00195595916144,0.7609739640348322,76.09739640348322,Ti-Y
Ti-Y-S,Ti,Y,S,Y_TiS2_2_1045414_POSCAR,35,global_gradient_fallback,8.7909609457,-0.095020393485335,-0.0791307198288695,-0.0158896736564654,7.163005,15.953966,0.00982052,mp-1045414,Y(TiS2)2,Tetragonal,I4_1/amd,141,0.270609257857142,-1.672308251666665,False,0.0,True,3.359103005757409,14,309.3578395551503,22.09698853965359,164.8833488310066,0.5329858427641763,53.29858427641763,Ti-Y
Ti-Zn-O,Ti,Zn,O,Ti3Zn2O8_1385787_POSCAR,35,global_gradient_fallback,7.9821979282,-0.048561059637538,-0.0484243992216658,-0.0001366604158721,7.697119,13.968846,0.00667163,mp-1385787,Ti3Zn2O8,Monoclinic,C2/m,12,0.083984415961539,-2.895715239230768,False,2.3248,False,4.582600113146906,13,145.8177637997483,11.2167510615191,76.31835009769928,0.5233817067892178,52.33817067892178,Ti-Zn
Ti-Zn-S,Ti,Zn,S,Ti9ZnS16_531696_POSCAR,35,local_max_drop,19.4878866,-0.35996987180282,-0.1938337583456456,-0.1661361134571743,18.791891,34.103802,0.0106672,mp-531696,Ti9ZnS16,Monoclinic,Pc,7,0.01332252557695,-1.621070493269229,False,0.0,True,3.459541244504115,52,968.8581551443516,18.63188759892984,479.2130811961598,0.4946163467290639,49.4616346729064,Ti-Zn
Ti-Zr-O,Ti,Zr,O,Zr3TiO8_1207388_POSCAR,35,global_gradient_fallback,6.7865857392,-0.083351236866887,-0.0407804590393682,-0.0425707778275187,6.318545,11.46699,0.00702384,mp-1207388,Zr3TiO8,Tetragonal,I-42m,121,0.033740555625,-3.703486623611111,False,3.2762,False,5.402380711012256,12,138.1741012144226,11.514508434535216,94.13926061985842,0.6813090137186445,68.13090137186445,Ti-Zr
V-W-O,V,W,O,V2WO6_20312_POSCAR,35,global_gradient_fallback,6.482731766,-0.084651488721294,-0.0603616669731546,-0.0242898217481393,5.788153,11.344781,0.01000866,mp-20312,V2WO6,Tetragonal,P4_2/mnm,136,0.0,-2.426564660555556,True,0.0,True,6.647218955933323,18,190.71433642888724,10.595240912715958,110.07854144928632,0.5771907005550784,57.71907005550784,V-W
V-Y-O,V,Y,O,Y2V2O7_754039_POSCAR,35,global_gradient_fallback,8.1218995602,-0.044153180150899,-0.0358041280103898,-0.0083490521405091,7.831832,14.213324,0.0048123,mp-754039,Y2V2O7,Monoclinic,C2/m,12,0.082410751363637,-3.138781466818181,False,0.486899999999999,False,3.93827109342696,11,165.1530232088034,15.01391120080031,95.89659634084306,0.5806529876210667,58.06529876210666,V-Y
V-Zn-O,V,Zn,O,V4ZnO8_1048588_POSCAR,35,global_gradient_fallback,7.6924010754,-0.047727778508513,-0.0467531160631166,-0.0009746624453963,6.593487,13.461702,0.00657618,mp-1048588,V4ZnO8,Monoclinic,Cm,8,0.228098638974376,-2.196676522307692,False,0.0,True,4.339469998258341,13,151.98091803916935,11.690839849166874,77.25018836665605,0.5082887336339599,50.82887336339599,V-Zn
V-Zr-O,V,Zr,O,Zr9VO20_759463_POSCAR,35,local_max_drop,9.0894142818,-0.21821506918467,-0.1060646270956104,-0.1121504420890595,8.462558,15.357976,0.01380011,mp-759463,Zr9VO20,Triclinic,P1,1,0.063982287166648,-3.620520510000001,False,1.714,False,5.650888703700409,30,350.25854720427435,11.675284906809145,241.13136076358697,0.6884381914110913,68.84381914110914,V-Zr
V-Zr-S,V,Zr,S,Zr9V4S_9483_POSCAR,35,local_max_drop,12.551663971,-0.77827099707844,-0.1977257340418381,-0.5805452630366019,10.387584,21.207984,0.01643121,mp-9483,Zr9V4S,Hexagonal,P6_3/mmc,194,0.035928944196427,-0.239435776249999,False,0.0,True,6.334577929791492,28,554.0813453916993,19.78861947827497,533.8052488319246,0.9634059209384844,96.34059209384846,V-Zr
W-Y-O,W,Y,O,Y2W2O7_1323899_POSCAR,35,local_max_drop,8.9750207037,-0.16170928436125,-0.0847725732779822,-0.0769367110832677,7.692875,15.706286,0.01078497,mp-1323899,Y2W2O7,Monoclinic,C2/m,12,0.028492163636364,-2.93107879090909,False,1.8551,False,7.583601852061466,22,287.93275259001297,13.087852390455136,203.0183294276333,0.7050893918855796,70.50893918855796,W-Y
W-Zr-O,W,Zr,O,Zr9W4O3_1207430_POSCAR,35,local_max_drop,12.286615222,-0.66123193007007,-0.2220232630696216,-0.4392086670004483,10.531384,21.501577,0.01896718,mp-1207430,Zr9W4O3,Hexagonal,P6_3/mmc,194,0.56664895546875,-0.6244580875000001,False,0.0,True,9.287156065397715,32,573.7226805609967,17.928833767531145,553.7829883744799,0.965245068981726,96.5245068981726,W-Zr
W-Zr-S,W,Zr,S,Zr9W4S_1207423_POSCAR,35,local_max_drop,12.285827372,-0.64455066339372,-0.2199403735038775,-0.4246102898898425,10.530709,21.500198,0.01884761,mp-1207423,Zr9W4S,Hexagonal,P6_3/mmc,194,0.036205353839289,-0.301671479464285,False,0.0,True,9.10624144976373,28,579.3099935814993,20.68964262791069,556.2555223238197,0.9602035671521068,96.02035671521068,W-Zr
Y-Zn-S,Y,Zn,S,Y2ZnS4_1194113_POSCAR,35,local_max_drop,8.826243398,-0.18258404210761,-0.1045622776150431,-0.0780217644925669,7.565351,15.445926,0.01361117,mp-1194113,Y2ZnS4,Orthorhombic,Pnma,62,0.009398235918368,-1.967549414464284,False,2.307,False,3.669158734728639,28,672.4791805809248,24.017113592175885,337.8568935532159,0.5024049863690299,50.24049863690298,Y-Zn
Y-Zr-O,Y,Zr,O,YZr4O10_1215768_POSCAR,35,local_max_drop,9.1202135598,-0.12051865894968,-0.0527048114701564,-0.0678138474795236,7.862253,15.410016,0.0068115,mp-1215768,YZr4O10,Tetragonal,I4/m,87,0.087624929583336,-3.631101740666666,False,0.0,True,5.761094746121972,15,176.91637350850263,11.794424900566842,130.57070631689078,0.7380363034098454,73.80363034098454,Y-Zr
Y-Zr-S,Y,Zr,S,YZrS2_1215700_POSCAR,35,global_gradient_fallback,5.1552509821,-0.053108200976937,-0.0303801935606247,-0.0227280074163122,4.787019,9.021689,0.00693028,mp-1215700,YZrS2,Trigonal,R-3m,166,0.058395670499998,-1.8972238237499992,False,0.0,True,5.165999486486488,4,78.5139495591907,19.62848738979768,60.87830604003861,0.7753820356998242,77.53820356998243,Y-Zr
